filename,category,subject,source_url,photographer,license
red-fox_01.jpg,animal,red fox,,,Unsplash/Pexels
red-fox_02.jpg,animal,red fox,,,Unsplash/Pexels
red-fox_03.jpg,animal,red fox,,,Unsplash/Pexels
gray-wolf_01.jpg,animal,gray wolf,,,Unsplash/Pexels
gray-wolf_02.jpg,animal,gray wolf,,,Unsplash/Pexels
gray-wolf_03.jpg,animal,gray wolf,,,Unsplash/Pexels
dog_01.jpg,animal,dog,,,Unsplash/Pexels
dog_02.jpg,animal,dog,,,Unsplash/Pexels
dog_03.jpg,animal,dog,,,Unsplash/Pexels
brown-bear_01.jpg,animal,brown bear,,,Unsplash/Pexels
brown-bear_02.jpg,animal,brown bear,,,Unsplash/Pexels
brown-bear_03.jpg,animal,brown bear,,,Unsplash/Pexels
deer_01.jpg,animal,deer,,,Unsplash/Pexels
deer_02.jpg,animal,deer,,,Unsplash/Pexels
deer_03.jpg,animal,deer,,,Unsplash/Pexels
vintage-car_01.jpg,vehicle,vintage car,,,Unsplash/Pexels
vintage-car_02.jpg,vehicle,vintage car,,,Unsplash/Pexels
vintage-car_03.jpg,vehicle,vintage car,,,Unsplash/Pexels
bicycle_01.jpg,vehicle,bicycle,,,Unsplash/Pexels
bicycle_02.jpg,vehicle,bicycle,,,Unsplash/Pexels
bicycle_03.jpg,vehicle,bicycle,,,Unsplash/Pexels
sailboat_01.jpg,vehicle,sailboat,,,Unsplash/Pexels
sailboat_02.jpg,vehicle,sailboat,,,Unsplash/Pexels
sailboat_03.jpg,vehicle,sailboat,,,Unsplash/Pexels
pizza_01.jpg,food,pizza,,,Unsplash/Pexels
pizza_02.jpg,food,pizza,,,Unsplash/Pexels
pizza_03.jpg,food,pizza,,,Unsplash/Pexels
sushi_01.jpg,food,sushi,,,Unsplash/Pexels
sushi_02.jpg,food,sushi,,,Unsplash/Pexels
sushi_03.jpg,food,sushi,,,Unsplash/Pexels
coffee_01.jpg,food,coffee,,,Unsplash/Pexels
coffee_02.jpg,food,coffee,,,Unsplash/Pexels
coffee_03.jpg,food,coffee,,,Unsplash/Pexels
eiffel-tower_01.jpg,landmark,eiffel tower,,,Unsplash/Pexels
eiffel-tower_02.jpg,landmark,eiffel tower,,,Unsplash/Pexels
eiffel-tower_03.jpg,landmark,eiffel tower,,,Unsplash/Pexels
golden-gate-bridge_01.jpg,landmark,golden gate bridge,,,Unsplash/Pexels
golden-gate-bridge_02.jpg,landmark,golden gate bridge,,,Unsplash/Pexels
golden-gate-bridge_03.jpg,landmark,golden gate bridge,,,Unsplash/Pexels
sunflower_01.jpg,plant,sunflower,,,Unsplash/Pexels
sunflower_02.jpg,plant,sunflower,,,Unsplash/Pexels
sunflower_03.jpg,plant,sunflower,,,Unsplash/Pexels
cactus_01.jpg,plant,cactus,,,Unsplash/Pexels
cactus_02.jpg,plant,cactus,,,Unsplash/Pexels
cactus_03.jpg,plant,cactus,,,Unsplash/Pexels
blurry_01.jpg,other,unidentified object,,,Unsplash/Pexels
